Stage,Avg Cost 1,Avg Cost 2,Avg Cost 3,Std Cost 1,Std Cost 2,Std Cost 3
Resources input,5.526315789473684,3.789473684210526,9.210526315789474,3.3774549909756724,2.2379254342599264,6.143708355266438
Appropriation & circulation,2.9,3.9,4.3,2.6999999999999997,1.6401219466856727,3.606937759374287
Transformation & conservation,2.9,3.5,3.3,2.0223748416156684,2.1563858652847827,2.1
Consumption & excretion,4.25,2.5,7.5,2.7726341266023544,1.118033988749895,8.077747210701755
Wastes output,10.571428571428571,4.857142857142857,11.571428571428571,5.778213833187625,1.4568627181693672,6.499607523472758
